Fecha,Plataforma,Formato,Pilar,Gancho / Título,Estado,CTA,Alcance,Guardados,Notas
2026-09-01,Instagram,Reel,Educativo,"3 errores al ahorrar que cometí a los 20",Publicado,Guardar,12400,890,Buen gancho
2026-09-03,TikTok,Vídeo,Entretenimiento,"POV: por fin cuadras tus gastos",Publicado,Seguir,30500,1200,Sonido en tendencia
2026-09-05,YouTube,Short,Educativo,"El método sobre de toda la vida",Editando,Ver más,,,Grabado
2026-09-08,Instagram,Carrusel,Autoridad,"Mi sistema de finanzas en 1 hoja",Guionizado,Comentar,,,Diseñar en Canva
2026-09-10,TikTok,Vídeo,Producto,"La plantilla que uso cada domingo",Idea,Enlace bio,,,Mostrar demo
2026-09-12,Instagram,Reel,Inspiración,"Antes vs ahora: mi relación con el dinero",Idea,Guardar,,,,
,,,,,,,,,
LEYENDA DE ESTADOS,,,,,,,,,
"Idea > Guionizado > Grabado > Editando > Publicado",,,,,,,,,
PILARES DE CONTENIDO,,,,,,,,,
"Educativo · Entretenimiento · Autoridad · Inspiración · Producto",,,,,,,,,
COMO USARLO,,,,,,,,,
"1) Planifica el mes rellenando fecha, plataforma y gancho.",,,,,,,,,
"2) Mueve cada pieza por los estados hasta Publicado.",,,,,,,,,
"3) Apunta alcance y guardados para saber qué funciona y repetirlo.",,,,,,,,,
