Cliente,Contacto,Estado,Servicio,Valor previsto (€),Valor cobrado (€),Próximo paso,Fecha seguimiento,Notas
Estudio Norte,ana@estudionorte.com,Cliente,Identidad de marca,1200.00,1200.00,Pedir testimonio,2026-09-25,Repetiría
Cafés Lúa,hola@cafeslua.es,Cliente,Sesión de fotos,450.00,450.00,Ofrecer pack mensual,2026-10-02,Contento
Marca Sol,dir@marcasol.com,Propuesta,Landing page,650.00,0.00,Enviar presupuesto v2,2026-09-22,Duda por precio
Ayto. Vega,cultura@vega.es,Contactado,Cartelería feria,800.00,0.00,Llamar el lunes,2026-09-21,Piden factura
Gimnasio Pulso,info@pulso.fit,Lead,Redes sociales,400.00,0.00,Primer email,2026-09-23,Llegó por Instagram
Panadería Mar,-,Perdido,Menú digital,300.00,0.00,-,-,Eligieron a otro
,,,,,,,,
EMBUDO,,,,,,,,
"Lead > Contactado > Propuesta > Cliente (o Perdido)",,,,,,,,
COMO USARLO,,,,,,,,
"1) Cada fila es un cliente o posible cliente.",,,,,,,,
"2) Muévelo por el embudo según avance la conversación.",,,,,,,,
"3) La columna Fecha seguimiento te avisa de a quién escribir cada día.",,,,,,,,
"4) Valor previsto vs cobrado = cuánto tienes firmado y cuánto has ingresado.",,,,,,,,
