Día,Beber 2L agua,Ejercicio,Leer 20 min,Dormir 8h,Sin azúcar,Estudiar/Trabajo profundo,Hábitos cumplidos
1,X,X,X,,X,X,5
2,X,X,X,,X,X,5
3,X,X,X,,X,X,5
4,X,X,X,,X,X,5
5,,,,,,,
6,,,,,,,
7,,,,,,,
8,,,,,,,
9,,,,,,,
10,,,,,,,
11,,,,,,,
12,,,,,,,
13,,,,,,,
14,,,,,,,
15,,,,,,,
16,,,,,,,
17,,,,,,,
18,,,,,,,
19,,,,,,,
20,,,,,,,
21,,,,,,,
22,,,,,,,
23,,,,,,,
24,,,,,,,
25,,,,,,,
26,,,,,,,
27,,,,,,,
28,,,,,,,
29,,,,,,,
30,,,,,,,
,,,,,,,
RACHA ACTUAL,4 días,,,,,,
,,,,,,,
COMO USARLO,,,,,,,
"1) Escribe tus hábitos en la fila de arriba (cámbialos por los tuyos).",,,,,,,
"2) Marca con una X el día que lo cumples.",,,,,,,
"3) En la versión Google Sheets se cuenta sola la racha y el % de constancia del mes.",,,,,,,
"Regla de oro: no rompas la cadena dos días seguidos.",,,,,,,
