Fecha,Tipo,Cliente,Concepto,Base imponible,IVA 21%,Total,IRPF retenido 15%,Estado,Trimestre
2026-07-04,Factura,Estudio Norte,Diseño de marca,1200.00,252.00,1452.00,180.00,Cobrada,T3
2026-07-19,Factura,Cafés Lúa,Sesión de fotos,450.00,94.50,544.50,67.50,Cobrada,T3
2026-08-02,Gasto,-,Suscripción software,30.00,6.30,36.30,0.00,Pagado,T3
2026-08-11,Factura,Ayto. Vega,Cartelería feria,800.00,168.00,968.00,120.00,Emitida,T3
2026-09-01,Gasto,-,Portátil (amortizable),999.00,209.79,1208.79,0.00,Pagado,T3
2026-09-09,Factura,Marca Sol,Landing page,650.00,136.50,786.50,97.50,Emitida,T3
2026-09-15,Gasto,-,Gestoría mensual,50.00,10.50,60.50,0.00,Pagado,T3
,,,,,,,,,
RESUMEN TRIMESTRE (T3),,,,,,,,,
IVA repercutido (facturas),,,,651.00,,,,,
IVA soportado (gastos),,,,226.59,,,,,
"IVA a pagar (modelo 303) = repercutido - soportado",,,,424.41,,,,,
"IRPF retenido por clientes (informativo)",,,,465.00,,,,,
,,,,,,,,,
INSTRUCCIONES,,,,,,,,,
"1) Registra cada factura (Tipo=Factura) y cada gasto deducible (Tipo=Gasto).",,,,,,,,,
"2) La base es sin IVA. El IVA 21% y el total se calculan en la versión Sheets automáticamente.",,,,,,,,,
"3) IVA a pagar cada trimestre = IVA de tus facturas - IVA de tus gastos (modelo 303).",,,,,,,,,
"4) Guarda el 15-20% de cada factura para el IRPF (modelo 130) si no te lo retienen.",,,,,,,,,
"5) Esto es una plantilla de organización, no asesoramiento fiscal. Consulta a tu gestor.",,,,,,,,,
