Semana,Aporte creciente (€),Acumulado creciente (€),Aporte fijo (€),Acumulado fijo (€),¿Hecho?
1,1,1,26.50,26.50,
2,2,3,26.50,53.00,
3,3,6,26.50,79.50,
4,4,10,26.50,106.00,
5,5,15,26.50,132.50,
6,6,21,26.50,159.00,
7,7,28,26.50,185.50,
8,8,36,26.50,212.00,
9,9,45,26.50,238.50,
10,10,55,26.50,265.00,
11,11,66,26.50,291.50,
12,12,78,26.50,318.00,
13,13,91,26.50,344.50,
14,14,105,26.50,371.00,
15,15,120,26.50,397.50,
16,16,136,26.50,424.00,
17,17,153,26.50,450.50,
18,18,171,26.50,477.00,
19,19,190,26.50,503.50,
20,20,210,26.50,530.00,
21,21,231,26.50,556.50,
22,22,253,26.50,583.00,
23,23,276,26.50,609.50,
24,24,300,26.50,636.00,
25,25,325,26.50,662.50,
26,26,351,26.50,689.00,
27,27,378,26.50,715.50,
28,28,406,26.50,742.00,
29,29,435,26.50,768.50,
30,30,465,26.50,795.00,
31,31,496,26.50,821.50,
32,32,528,26.50,848.00,
33,33,561,26.50,874.50,
34,34,595,26.50,901.00,
35,35,630,26.50,927.50,
36,36,666,26.50,954.00,
37,37,703,26.50,980.50,
38,38,741,26.50,1007.00,
39,39,780,26.50,1033.50,
40,40,820,26.50,1060.00,
41,41,861,26.50,1086.50,
42,42,903,26.50,1113.00,
43,43,946,26.50,1139.50,
44,44,990,26.50,1166.00,
45,45,1035,26.50,1192.50,
46,46,1081,26.50,1219.00,
47,47,1128,26.50,1245.50,
48,48,1176,26.50,1272.00,
49,49,1225,26.50,1298.50,
50,50,1275,26.50,1325.00,
51,51,1326,26.50,1351.50,
52,52,1378,26.50,1378.00,
,,,,,
TOTAL AÑO,,1378,,1378.00,
,,,,,
COMO USARLO,,,,,
"Versión creciente: la semana 1 ahorras 1€, la 2 -> 2€... hasta 52€. Total 1378€.",,,,,
"Versión fija: ahorras 26,50€ cada semana. Mismo total, más cómodo.",,,,,
"Marca la casilla ¿Hecho? cada semana. En Google Sheets la barra de progreso se rellena sola.",,,,,
